Loan_ID,rGender,rDependents,rApplicantIncome,rCoapplicantIncome,rLoanAmount,rLoan_Amount_Term
LP001002,601.0,345.0,467.0,273.0,,585.0
LP001003,601.0,447.0,385.0,340.0,306.0,585.0
LP001005,601.0,345.0,177.0,273.0,45.0,585.0
LP001006,601.0,345.0,117.0,469.0,266.0,585.0
LP001008,601.0,345.0,477.0,273.0,371.0,585.0
LP001011,601.0,548.0,441.0,564.0,553.0,585.0
LP001013,601.0,345.0,75.0,341.0,120.0,585.0
LP001014,601.0,599.0,184.0,488.0,419.0,585.0
LP001018,601.0,548.0,335.0,343.0,446.0,585.0
LP001020,601.0,447.0,579.0,609.0,572.0,585.0
LP001024,601.0,548.0,217.0,284.0,56.0,585.0
LP001027,601.0,548.0,108.0,394.0,184.0,585.0
LP001028,601.0,548.0,188.0,606.0,512.0,585.0
LP001029,601.0,345.0,28.0,505.0,227.0,585.0
LP001030,601.0,548.0,9.0,303.0,2.0,12.0
LP001032,601.0,345.0,418.0,273.0,288.0,585.0
LP001034,601.0,447.0,275.0,273.0,154.0,60.0
LP001036,112.0,345.0,265.0,273.0,71.0,585.0
LP001038,601.0,345.0,412.0,273.0,334.0,585.0
LP001041,601.0,345.0,123.0,544.0,235.0,
LP001043,601.0,345.0,524.0,273.0,168.0,585.0
LP001046,601.0,447.0,471.0,594.0,568.0,585.0
LP001047,601.0,345.0,123.0,405.0,241.0,585.0
LP001050,,548.0,240.0,408.0,214.0,585.0
LP001052,601.0,447.0,296.0,513.0,396.0,585.0
LP001066,601.0,345.0,556.0,273.0,502.0,585.0
LP001068,601.0,345.0,149.0,457.0,272.0,585.0
LP001073,601.0,548.0,355.0,300.0,201.0,585.0
LP001086,601.0,345.0,11.0,273.0,8.0,585.0
LP001087,112.0,548.0,303.0,434.0,266.0,585.0
LP001091,601.0,447.0,349.0,537.0,514.0,585.0
LP001095,601.0,345.0,210.0,273.0,66.0,585.0
LP001097,601.0,447.0,397.0,273.0,174.0,585.0
LP001098,601.0,345.0,263.0,367.0,227.0,585.0
LP001100,601.0,599.0,578.0,517.0,569.0,585.0
LP001106,601.0,345.0,67.0,428.0,,585.0
LP001109,601.0,345.0,25.0,320.0,154.0,
LP001112,112.0,345.0,286.0,337.0,380.0,585.0
LP001114,601.0,345.0,349.0,602.0,478.0,585.0
LP001116,601.0,345.0,298.0,368.0,201.0,585.0
LP001119,601.0,345.0,278.0,273.0,78.0,585.0
LP001120,601.0,345.0,20.0,309.0,18.0,585.0
LP001123,601.0,345.0,86.0,273.0,69.0,585.0
LP001131,601.0,345.0,325.0,467.0,338.0,585.0
LP001136,601.0,345.0,398.0,273.0,129.0,
LP001137,112.0,345.0,247.0,273.0,97.0,
LP001138,601.0,447.0,450.0,273.0,14.0,585.0
LP001144,601.0,345.0,465.0,273.0,380.0,585.0
LP001146,112.0,345.0,127.0,540.0,266.0,585.0
LP001151,112.0,345.0,334.0,459.0,380.0,585.0
LP001155,112.0,345.0,35.0,359.0,154.0,585.0
LP001157,112.0,345.0,193.0,273.0,266.0,585.0
LP001164,112.0,345.0,356.0,273.0,214.0,585.0
LP001179,601.0,548.0,389.0,273.0,338.0,585.0
LP001186,112.0,447.0,574.0,273.0,559.0,585.0
LP001194,601.0,548.0,137.0,307.0,131.0,585.0
LP001195,601.0,345.0,52.0,349.0,129.0,585.0
LP001197,601.0,345.0,241.0,449.0,345.0,585.0
LP001198,601.0,447.0,533.0,456.0,471.0,585.0
LP001199,601.0,548.0,238.0,508.0,380.0,585.0
LP001205,601.0,345.0,108.0,553.0,266.0,585.0
LP001206,601.0,599.0,182.0,273.0,139.0,585.0
LP001207,601.0,345.0,124.0,542.0,441.0,56.0
LP001213,601.0,447.0,417.0,273.0,,585.0
LP001222,112.0,345.0,349.0,273.0,241.0,585.0
LP001225,601.0,345.0,457.0,577.0,546.0,585.0
LP001228,601.0,345.0,217.0,458.0,292.0,56.0
LP001233,601.0,447.0,568.0,273.0,567.0,585.0
LP001238,601.0,599.0,513.0,273.0,288.0,5.0
LP001241,112.0,345.0,362.0,273.0,352.0,585.0
LP001243,601.0,345.0,218.0,523.0,453.0,585.0
LP001245,601.0,548.0,30.0,403.0,131.0,585.0
LP001248,601.0,345.0,263.0,273.0,84.0,73.0
LP001250,601.0,599.0,405.0,273.0,120.0,
LP001253,601.0,599.0,434.0,381.0,497.0,585.0
LP001255,601.0,345.0,303.0,273.0,225.0,600.0
LP001256,601.0,345.0,303.0,581.0,464.0,585.0
LP001259,601.0,447.0,6.0,520.0,201.0,585.0
LP001263,601.0,599.0,210.0,559.0,471.0,73.0
LP001264,601.0,599.0,236.0,444.0,318.0,585.0
LP001265,112.0,345.0,312.0,273.0,206.0,585.0
LP001266,601.0,447.0,82.0,273.0,,585.0
LP001267,112.0,548.0,10.0,404.0,443.0,585.0
LP001273,601.0,345.0,477.0,456.0,552.0,585.0
LP001275,601.0,447.0,329.0,273.0,23.0,60.0
LP001279,601.0,345.0,77.0,491.0,352.0,585.0
LP001280,601.0,548.0,236.0,417.0,139.0,585.0
LP001282,601.0,345.0,108.0,438.0,168.0,585.0
LP001289,601.0,345.0,540.0,273.0,521.0,585.0
LP001310,601.0,345.0,453.0,563.0,462.0,585.0
LP001316,601.0,345.0,169.0,509.0,322.0,585.0
LP001318,601.0,548.0,491.0,595.0,500.0,56.0
LP001319,601.0,548.0,226.0,391.0,84.0,585.0
LP001322,601.0,345.0,343.0,273.0,272.0,585.0
LP001325,601.0,345.0,281.0,273.0,4.0,12.0
LP001326,601.0,345.0,507.0,273.0,,585.0
LP001327,112.0,345.0,96.0,461.0,356.0,585.0
LP001333,601.0,345.0,39.0,294.0,23.0,585.0
LP001334,601.0,345.0,352.0,273.0,235.0,56.0
LP001343,601.0,345.0,17.0,545.0,322.0,585.0
LP001345,601.0,548.0,360.0,532.0,334.0,56.0
LP001349,601.0,345.0,408.0,555.0,396.0,585.0
LP001350,601.0,,582.0,273.0,,585.0
LP001356,601.0,345.0,392.0,546.0,,585.0
LP001357,601.0,,310.0,287.0,432.0,585.0
LP001367,601.0,447.0,185.0,298.0,154.0,585.0
LP001369,601.0,548.0,573.0,305.0,529.0,585.0
LP001370,601.0,345.0,519.0,273.0,266.0,585.0
LP001379,601.0,548.0,306.0,547.0,525.0,585.0
LP001384,601.0,599.0,48.0,287.0,111.0,600.0
LP001385,601.0,345.0,436.0,273.0,352.0,585.0
LP001387,112.0,345.0,164.0,466.0,364.0,585.0
LP001391,601.0,345.0,271.0,561.0,401.0,
LP001392,112.0,447.0,521.0,273.0,,585.0
LP001398,601.0,345.0,425.0,273.0,245.0,585.0
LP001401,601.0,447.0,584.0,273.0,483.0,56.0
LP001404,112.0,345.0,210.0,460.0,404.0,585.0
LP001405,601.0,447.0,62.0,323.0,90.0,585.0
LP001421,601.0,345.0,449.0,441.0,462.0,585.0
LP001422,112.0,345.0,565.0,273.0,548.0,585.0
LP001426,601.0,,451.0,497.0,471.0,585.0
LP001430,112.0,345.0,349.0,273.0,14.0,585.0
LP001431,112.0,345.0,53.0,608.0,356.0,585.0
LP001432,601.0,548.0,168.0,273.0,84.0,585.0
LP001439,601.0,345.0,362.0,419.0,506.0,585.0
LP001443,112.0,345.0,290.0,273.0,107.0,585.0
LP001448,,599.0,607.0,273.0,575.0,585.0
LP001449,601.0,345.0,317.0,358.0,,585.0
LP001451,601.0,447.0,567.0,556.0,432.0,56.0
LP001465,601.0,345.0,482.0,494.0,476.0,585.0
LP001469,601.0,345.0,603.0,273.0,591.0,600.0
LP001473,601.0,345.0,43.0,409.0,66.0,585.0
LP001478,601.0,345.0,139.0,273.0,56.0,585.0
LP001482,601.0,345.0,255.0,273.0,4.0,12.0
LP001487,601.0,345.0,413.0,273.0,158.0,585.0
LP001488,601.0,599.0,334.0,604.0,560.0,585.0
LP001489,112.0,345.0,385.0,273.0,89.0,585.0
LP001491,601.0,548.0,230.0,544.0,97.0,585.0
LP001492,601.0,345.0,588.0,273.0,536.0,585.0
LP001493,601.0,548.0,354.0,330.0,308.0,585.0
LP001497,601.0,548.0,424.0,434.0,483.0,585.0
LP001498,601.0,345.0,441.0,273.0,446.0,585.0
LP001504,601.0,345.0,511.0,273.0,462.0,56.0
LP001507,601.0,345.0,135.0,422.0,272.0,585.0
LP001508,601.0,548.0,575.0,273.0,497.0,56.0
LP001514,112.0,345.0,72.0,574.0,154.0,585.0
LP001516,112.0,548.0,586.0,273.0,56.0,585.0
LP001518,601.0,447.0,13.0,328.0,7.0,585.0
LP001519,112.0,345.0,562.0,365.0,529.0,585.0
LP001520,601.0,345.0,409.0,289.0,288.0,585.0
LP001528,601.0,345.0,493.0,273.0,245.0,585.0
LP001529,601.0,345.0,113.0,552.0,401.0,585.0
LP001531,601.0,345.0,547.0,273.0,538.0,585.0
LP001532,601.0,548.0,68.0,273.0,225.0,585.0
LP001535,601.0,345.0,225.0,273.0,23.0,585.0
LP001536,601.0,599.0,611.0,273.0,590.0,56.0
LP001541,601.0,447.0,477.0,273.0,432.0,585.0
LP001543,601.0,447.0,555.0,273.0,497.0,585.0
LP001546,601.0,345.0,172.0,434.0,266.0,585.0
LP001552,601.0,345.0,385.0,594.0,544.0,585.0
LP001560,601.0,345.0,29.0,301.0,135.0,585.0
LP001562,601.0,345.0,529.0,273.0,556.0,585.0
LP001565,601.0,447.0,195.0,315.0,268.0,585.0
LP001570,601.0,548.0,350.0,331.0,419.0,585.0
LP001572,601.0,345.0,550.0,273.0,69.0,56.0
LP001574,601.0,345.0,292.0,526.0,476.0,
LP001577,112.0,345.0,385.0,273.0,214.0,585.0
LP001578,601.0,345.0,90.0,535.0,308.0,585.0
LP001579,601.0,345.0,64.0,273.0,40.0,600.0
LP001580,601.0,548.0,531.0,273.0,512.0,585.0
LP001581,601.0,345.0,24.0,380.0,120.0,585.0
LP001585,,599.0,612.0,273.0,592.0,73.0
LP001586,601.0,599.0,266.0,273.0,84.0,56.0
LP001594,601.0,345.0,456.0,594.0,497.0,585.0
LP001603,601.0,345.0,369.0,285.0,93.0,585.0
LP001606,601.0,345.0,260.0,412.0,241.0,585.0
LP001608,601.0,548.0,45.0,352.0,155.0,585.0
LP001610,601.0,599.0,447.0,610.0,585.0,585.0
LP001616,601.0,447.0,303.0,273.0,241.0,585.0
LP001630,601.0,345.0,75.0,333.0,158.0,600.0
LP001633,601.0,447.0,499.0,603.0,471.0,585.0
LP001634,601.0,345.0,33.0,585.0,48.0,585.0
LP001636,601.0,345.0,386.0,273.0,63.0,56.0
LP001637,601.0,447.0,608.0,273.0,551.0,585.0
LP001639,112.0,345.0,282.0,273.0,182.0,585.0
LP001640,601.0,345.0,610.0,581.0,266.0,585.0
LP001641,601.0,447.0,58.0,273.0,45.0,73.0
LP001643,601.0,345.0,81.0,440.0,32.0,585.0
LP001644,,345.0,5.0,588.0,446.0,585.0
LP001647,601.0,345.0,551.0,273.0,500.0,56.0
LP001653,601.0,345.0,411.0,273.0,19.0,585.0
LP001656,601.0,345.0,577.0,273.0,438.0,585.0
LP001657,601.0,345.0,478.0,273.0,432.0,585.0
LP001658,601.0,345.0,314.0,273.0,71.0,585.0
LP001664,601.0,345.0,353.0,273.0,266.0,585.0
LP001665,601.0,447.0,199.0,495.0,449.0,585.0
LP001666,601.0,345.0,538.0,552.0,497.0,585.0
LP001669,112.0,345.0,32.0,470.0,266.0,
LP001671,112.0,345.0,248.0,504.0,225.0,585.0
LP001673,601.0,345.0,570.0,273.0,85.0,585.0
LP001674,601.0,447.0,123.0,487.0,104.0,585.0
LP001677,601.0,548.0,415.0,273.0,442.0,585.0
LP001682,601.0,599.0,330.0,273.0,,56.0
LP001688,601.0,447.0,263.0,302.0,345.0,585.0
LP001691,601.0,548.0,323.0,273.0,281.0,585.0
LP001692,112.0,345.0,374.0,273.0,266.0,585.0
LP001693,112.0,345.0,222.0,273.0,78.0,585.0
LP001698,601.0,345.0,327.0,491.0,29.0,585.0
LP001699,601.0,345.0,94.0,273.0,33.0,585.0
LP001702,601.0,345.0,251.0,273.0,295.0,585.0
LP001708,112.0,345.0,562.0,273.0,523.0,585.0
LP001711,601.0,599.0,253.0,312.0,306.0,585.0
LP001713,601.0,447.0,527.0,273.0,535.0,585.0
LP001715,601.0,599.0,455.0,273.0,318.0,585.0
LP001716,601.0,345.0,212.0,519.0,356.0,585.0
LP001720,601.0,599.0,313.0,292.0,154.0,585.0
LP001722,601.0,345.0,1.0,388.0,345.0,585.0
LP001726,601.0,345.0,297.0,382.0,322.0,585.0
LP001732,601.0,548.0,423.0,273.0,62.0,585.0
LP001734,112.0,548.0,359.0,472.0,295.0,585.0
LP001736,601.0,345.0,63.0,273.0,37.0,585.0
LP001743,601.0,548.0,336.0,373.0,241.0,585.0
LP001744,601.0,345.0,171.0,502.0,380.0,585.0
LP001749,601.0,345.0,522.0,296.0,462.0,
LP001750,601.0,345.0,491.0,273.0,306.0,585.0
LP001751,601.0,345.0,224.0,273.0,449.0,585.0
LP001754,601.0,,402.0,273.0,362.0,585.0
LP001758,601.0,548.0,491.0,369.0,521.0,585.0
LP001760,601.0,,406.0,273.0,419.0,600.0
LP001761,601.0,345.0,499.0,273.0,512.0,585.0
LP001765,601.0,447.0,97.0,426.0,168.0,585.0
LP001768,601.0,345.0,294.0,273.0,12.0,56.0
LP001770,601.0,345.0,215.0,496.0,266.0,
LP001776,112.0,345.0,538.0,273.0,558.0,585.0
LP001778,601.0,447.0,201.0,383.0,369.0,585.0
LP001784,601.0,447.0,445.0,314.0,449.0,585.0
LP001786,601.0,345.0,459.0,273.0,544.0,585.0
LP001788,112.0,345.0,256.0,273.0,272.0,585.0
LP001790,112.0,447.0,307.0,273.0,214.0,585.0
LP001792,601.0,447.0,229.0,273.0,129.0,585.0
LP001798,601.0,548.0,464.0,584.0,266.0,585.0
LP001800,601.0,447.0,110.0,413.0,369.0,56.0
LP001806,601.0,345.0,170.0,596.0,410.0,5.0
LP001807,601.0,548.0,491.0,318.0,182.0,585.0
LP001811,601.0,345.0,246.0,573.0,276.0,585.0
LP001813,601.0,345.0,480.0,570.0,266.0,56.0
LP001814,601.0,548.0,557.0,273.0,214.0,585.0
LP001819,601.0,447.0,504.0,273.0,356.0,56.0
LP001824,601.0,447.0,155.0,397.0,276.0,600.0
LP001825,601.0,345.0,21.0,401.0,104.0,585.0
LP001835,601.0,345.0,16.0,557.0,514.0,585.0
LP001836,112.0,548.0,252.0,273.0,362.0,585.0
LP001841,601.0,345.0,117.0,446.0,168.0,585.0
LP001843,601.0,447.0,130.0,600.0,557.0,56.0
LP001844,601.0,345.0,592.0,273.0,504.0,585.0
LP001846,112.0,599.0,192.0,273.0,544.0,585.0
LP001849,601.0,345.0,479.0,273.0,235.0,585.0
LP001854,601.0,599.0,433.0,273.0,111.0,585.0
LP001859,601.0,345.0,585.0,436.0,564.0,585.0
LP001864,601.0,599.0,416.0,273.0,306.0,585.0
LP001865,601.0,447.0,483.0,566.0,571.0,585.0
LP001868,601.0,345.0,47.0,450.0,338.0,585.0
LP001870,112.0,447.0,259.0,273.0,410.0,3.0
LP001871,112.0,345.0,516.0,273.0,266.0,585.0
LP001872,601.0,345.0,428.0,273.0,306.0,585.0
LP001875,601.0,345.0,339.0,541.0,396.0,585.0
LP001877,601.0,548.0,400.0,322.0,392.0,585.0
LP001882,601.0,599.0,367.0,390.0,432.0,585.0
LP001883,112.0,345.0,251.0,273.0,345.0,585.0
LP001884,112.0,447.0,154.0,346.0,104.0,585.0
LP001888,112.0,345.0,221.0,273.0,7.0,585.0
LP001891,601.0,345.0,571.0,273.0,352.0,585.0
LP001892,601.0,345.0,151.0,399.0,292.0,585.0
LP001894,601.0,345.0,125.0,452.0,392.0,585.0
LP001896,601.0,548.0,321.0,273.0,104.0,585.0
LP001900,601.0,447.0,142.0,395.0,235.0,585.0
LP001903,601.0,345.0,331.0,533.0,517.0,585.0
LP001904,601.0,345.0,198.0,318.0,78.0,585.0
LP001907,601.0,345.0,584.0,273.0,580.0,585.0
LP001908,112.0,345.0,340.0,273.0,281.0,585.0
LP001910,601.0,447.0,338.0,477.0,419.0,585.0
LP001914,601.0,345.0,324.0,288.0,214.0,585.0
LP001915,601.0,548.0,70.0,293.0,72.0,56.0
LP001917,112.0,345.0,22.0,365.0,25.0,585.0
LP001922,601.0,345.0,605.0,273.0,,585.0
LP001924,601.0,345.0,202.0,522.0,98.0,585.0
LP001925,112.0,345.0,123.0,373.0,139.0,73.0
LP001926,601.0,345.0,291.0,417.0,266.0,585.0
LP001931,112.0,345.0,342.0,273.0,235.0,585.0
LP001935,601.0,345.0,554.0,273.0,497.0,585.0
LP001936,601.0,345.0,190.0,475.0,364.0,585.0
LP001938,601.0,548.0,373.0,273.0,295.0,585.0
LP001940,601.0,548.0,200.0,346.0,338.0,585.0
LP001945,112.0,,441.0,273.0,374.0,600.0
LP001947,601.0,345.0,81.0,536.0,453.0,585.0
LP001949,601.0,599.0,375.0,312.0,201.0,585.0
LP001953,601.0,447.0,510.0,273.0,512.0,585.0
LP001954,112.0,447.0,393.0,273.0,345.0,585.0
LP001955,112.0,345.0,423.0,492.0,396.0,600.0
LP001963,601.0,447.0,43.0,513.0,225.0,585.0
LP001964,601.0,345.0,20.0,514.0,107.0,585.0
LP001972,601.0,,153.0,379.0,172.0,585.0
LP001974,112.0,345.0,423.0,273.0,329.0,585.0
LP001977,601.0,447.0,15.0,389.0,129.0,585.0
LP001978,601.0,345.0,334.0,487.0,369.0,585.0
LP001990,601.0,345.0,41.0,273.0,,585.0
LP001993,112.0,345.0,304.0,365.0,345.0,585.0
LP001994,112.0,345.0,86.0,400.0,168.0,585.0
LP001996,601.0,345.0,604.0,273.0,583.0,585.0
LP001998,601.0,548.0,525.0,273.0,483.0,585.0
LP002002,112.0,345.0,161.0,273.0,89.0,585.0
LP002004,601.0,345.0,163.0,474.0,206.0,585.0
LP002006,112.0,345.0,109.0,273.0,31.0,585.0
LP002008,601.0,548.0,459.0,273.0,380.0,9.0
LP002024,,345.0,92.0,397.0,420.0,585.0
LP002031,601.0,447.0,242.0,358.0,206.0,56.0
LP002035,601.0,548.0,296.0,273.0,266.0,585.0
LP002036,601.0,345.0,46.0,439.0,97.0,585.0
LP002043,112.0,447.0,269.0,273.0,214.0,585.0
LP002050,601.0,447.0,562.0,273.0,410.0,585.0
LP002051,601.0,345.0,86.0,446.0,235.0,585.0
LP002053,601.0,599.0,368.0,275.0,281.0,585.0
LP002054,601.0,548.0,279.0,348.0,,585.0
LP002055,112.0,345.0,207.0,515.0,329.0,585.0
LP002065,601.0,599.0,589.0,273.0,563.0,585.0
LP002067,601.0,447.0,542.0,582.0,576.0,585.0
LP002068,601.0,345.0,414.0,273.0,318.0,585.0
LP002082,601.0,345.0,463.0,443.0,478.0,585.0
LP002086,112.0,345.0,367.0,480.0,201.0,585.0
LP002087,112.0,345.0,108.0,273.0,48.0,585.0
LP002097,601.0,447.0,372.0,385.0,242.0,585.0
LP002098,601.0,345.0,165.0,273.0,135.0,585.0
LP002100,601.0,,151.0,273.0,61.0,585.0
LP002101,601.0,345.0,613.0,273.0,584.0,56.0
LP002103,,447.0,558.0,393.0,476.0,56.0
LP002106,601.0,,446.0,575.0,56.0,
LP002110,601.0,447.0,433.0,283.0,432.0,585.0
LP002112,601.0,548.0,108.0,578.0,464.0,585.0
LP002113,112.0,599.0,26.0,273.0,,585.0
LP002114,112.0,345.0,344.0,273.0,61.0,585.0
LP002115,601.0,599.0,128.0,347.0,456.0,585.0
LP002116,112.0,345.0,79.0,273.0,17.0,585.0
LP002119,601.0,447.0,378.0,310.0,419.0,585.0
LP002126,601.0,599.0,212.0,273.0,66.0,585.0
LP002128,601.0,548.0,117.0,463.0,288.0,585.0
LP002129,601.0,345.0,99.0,481.0,432.0,585.0
LP002130,601.0,,267.0,529.0,401.0,585.0
LP002131,601.0,548.0,192.0,447.0,292.0,585.0
LP002137,601.0,345.0,496.0,576.0,548.0,585.0
LP002138,601.0,345.0,126.0,597.0,497.0,585.0
LP002139,601.0,345.0,546.0,273.0,530.0,585.0
LP002140,601.0,345.0,544.0,563.0,565.0,585.0
LP002141,601.0,599.0,132.0,434.0,120.0,585.0
LP002142,112.0,345.0,445.0,273.0,172.0,585.0
LP002143,112.0,345.0,87.0,280.0,318.0,585.0
LP002144,112.0,,308.0,273.0,241.0,56.0
LP002149,601.0,548.0,538.0,528.0,441.0,585.0
LP002151,601.0,447.0,319.0,273.0,48.0,585.0
LP002158,601.0,345.0,177.0,365.0,154.0,600.0
LP002160,601.0,599.0,429.0,528.0,512.0,585.0
LP002161,112.0,447.0,401.0,273.0,84.0,585.0
LP002170,601.0,548.0,423.0,549.0,533.0,585.0
LP002175,601.0,345.0,404.0,466.0,318.0,585.0
LP002178,601.0,345.0,179.0,521.0,120.0,73.0
LP002180,601.0,345.0,509.0,273.0,371.0,585.0
LP002181,601.0,345.0,487.0,273.0,334.0,585.0
LP002187,601.0,345.0,108.0,273.0,129.0,600.0
LP002188,601.0,345.0,427.0,273.0,281.0,
LP002190,601.0,447.0,495.0,273.0,462.0,585.0
LP002191,601.0,345.0,602.0,587.0,588.0,585.0
LP002194,112.0,345.0,590.0,273.0,29.0,585.0
LP002197,601.0,548.0,430.0,273.0,410.0,585.0
LP002201,601.0,548.0,550.0,605.0,577.0,73.0
LP002205,601.0,447.0,186.0,414.0,206.0,56.0
LP002209,112.0,345.0,144.0,337.0,201.0,585.0
LP002211,601.0,345.0,407.0,291.0,266.0,56.0
LP002219,601.0,599.0,544.0,583.0,318.0,585.0
LP002223,601.0,345.0,364.0,273.0,318.0,585.0
LP002224,601.0,345.0,187.0,273.0,61.0,600.0
LP002225,601.0,548.0,438.0,273.0,318.0,585.0
LP002226,601.0,345.0,236.0,487.0,306.0,585.0
LP002229,601.0,345.0,470.0,565.0,562.0,585.0
LP002231,112.0,345.0,477.0,273.0,411.0,585.0
LP002234,601.0,345.0,515.0,273.0,306.0,585.0
LP002236,601.0,548.0,379.0,273.0,154.0,585.0
LP002237,601.0,447.0,286.0,273.0,225.0,56.0
LP002239,601.0,345.0,76.0,350.0,329.0,585.0
LP002243,601.0,345.0,178.0,524.0,,585.0
LP002244,601.0,345.0,75.0,476.0,352.0,585.0
LP002250,601.0,345.0,443.0,273.0,288.0,585.0
LP002255,601.0,599.0,548.0,273.0,483.0,585.0
LP002262,601.0,599.0,553.0,273.0,556.0,585.0
LP002263,601.0,345.0,117.0,437.0,266.0,585.0
LP002265,601.0,548.0,40.0,355.0,225.0,56.0
LP002266,601.0,548.0,197.0,324.0,225.0,585.0
LP002272,601.0,548.0,227.0,279.0,345.0,585.0
LP002277,112.0,345.0,213.0,273.0,61.0,585.0
LP002281,601.0,345.0,183.0,337.0,120.0,585.0
LP002284,601.0,345.0,322.0,365.0,184.0,585.0
LP002287,112.0,345.0,12.0,388.0,161.0,585.0
LP002288,601.0,548.0,156.0,273.0,16.0,56.0
LP002296,601.0,345.0,143.0,273.0,41.0,73.0
LP002297,601.0,345.0,108.0,612.0,161.0,585.0
LP002300,112.0,345.0,38.0,273.0,24.0,585.0
LP002301,112.0,345.0,520.0,273.0,506.0,585.0
LP002305,112.0,345.0,377.0,273.0,235.0,585.0
LP002308,601.0,345.0,57.0,473.0,235.0,585.0
LP002314,112.0,345.0,61.0,273.0,45.0,585.0
LP002315,601.0,447.0,534.0,273.0,401.0,73.0
LP002317,601.0,599.0,614.0,273.0,574.0,585.0
LP002318,112.0,447.0,318.0,273.0,39.0,585.0
LP002319,601.0,345.0,492.0,273.0,432.0,585.0
LP002328,601.0,345.0,484.0,273.0,526.0,585.0
LP002332,601.0,345.0,66.0,421.0,201.0,585.0
LP002335,112.0,345.0,55.0,530.0,465.0,585.0
LP002337,112.0,345.0,174.0,273.0,37.0,585.0
LP002341,112.0,447.0,123.0,273.0,432.0,585.0
LP002342,601.0,548.0,14.0,612.0,534.0,585.0
LP002345,601.0,345.0,8.0,500.0,214.0,585.0
LP002347,601.0,345.0,223.0,326.0,362.0,585.0
LP002348,601.0,345.0,466.0,273.0,362.0,585.0
LP002357,112.0,345.0,140.0,273.0,78.0,
LP002361,601.0,345.0,24.0,374.0,154.0,585.0
LP002362,601.0,447.0,517.0,367.0,201.0,
LP002364,601.0,345.0,587.0,273.0,129.0,585.0
LP002366,601.0,345.0,132.0,568.0,268.0,585.0
LP002367,112.0,447.0,387.0,273.0,84.0,585.0
LP002368,601.0,548.0,469.0,273.0,334.0,585.0
LP002369,601.0,345.0,162.0,274.0,93.0,585.0
LP002370,601.0,345.0,138.0,273.0,37.0,56.0
LP002377,112.0,447.0,541.0,273.0,392.0,585.0
LP002379,601.0,345.0,502.0,273.0,172.0,585.0
LP002386,601.0,345.0,580.0,273.0,579.0,585.0
LP002387,601.0,345.0,88.0,468.0,374.0,585.0
LP002390,601.0,345.0,303.0,273.0,154.0,585.0
LP002393,112.0,,563.0,273.0,,60.0
LP002398,601.0,345.0,34.0,398.0,23.0,585.0
LP002401,601.0,345.0,61.0,304.0,,585.0
LP002403,601.0,345.0,566.0,273.0,497.0,585.0
LP002407,112.0,345.0,514.0,273.0,362.0,585.0
LP002408,601.0,345.0,284.0,586.0,497.0,585.0
LP002409,601.0,345.0,528.0,393.0,471.0,585.0
LP002418,601.0,599.0,399.0,415.0,384.0,585.0
LP002422,601.0,447.0,609.0,273.0,401.0,585.0
LP002424,601.0,345.0,519.0,607.0,462.0,73.0
LP002429,601.0,447.0,258.0,308.0,318.0,585.0
LP002434,601.0,548.0,392.0,273.0,201.0,585.0
LP002435,601.0,345.0,268.0,321.0,29.0,585.0
LP002443,601.0,548.0,237.0,371.0,392.0,585.0
LP002444,601.0,447.0,146.0,344.0,501.0,585.0
LP002446,601.0,548.0,71.0,313.0,288.0,585.0
LP002447,601.0,548.0,37.0,334.0,37.0,73.0
LP002448,601.0,345.0,326.0,375.0,385.0,585.0
LP002449,601.0,345.0,95.0,482.0,104.0,56.0
LP002453,601.0,345.0,512.0,273.0,89.0,585.0
LP002455,601.0,548.0,316.0,273.0,129.0,585.0
LP002459,601.0,345.0,363.0,273.0,245.0,585.0
LP002467,601.0,345.0,293.0,494.0,456.0,585.0
LP002472,601.0,548.0,371.0,273.0,352.0,585.0
LP002473,601.0,345.0,539.0,273.0,432.0,585.0
LP002478,,345.0,50.0,560.0,432.0,585.0
LP002484,601.0,599.0,526.0,273.0,306.0,56.0
LP002487,601.0,345.0,180.0,448.0,402.0,585.0
LP002489,112.0,447.0,431.0,273.0,329.0,585.0
LP002493,601.0,345.0,349.0,273.0,135.0,585.0
LP002494,601.0,345.0,477.0,273.0,369.0,585.0
LP002500,601.0,599.0,167.0,360.0,56.0,56.0
LP002501,,345.0,596.0,273.0,201.0,585.0
LP002502,112.0,548.0,2.0,511.0,135.0,585.0
LP002505,601.0,345.0,367.0,480.0,201.0,585.0
LP002515,601.0,447.0,254.0,429.0,437.0,585.0
LP002517,601.0,447.0,129.0,339.0,225.0,56.0
LP002519,601.0,599.0,396.0,273.0,154.0,585.0
LP002522,112.0,345.0,108.0,273.0,107.0,585.0
LP002524,601.0,548.0,448.0,579.0,437.0,585.0
LP002527,601.0,548.0,593.0,297.0,392.0,585.0
LP002529,601.0,548.0,506.0,379.0,531.0,73.0
LP002530,,548.0,152.0,402.0,329.0,585.0
LP002531,601.0,447.0,595.0,456.0,91.0,585.0
LP002533,601.0,548.0,167.0,351.0,,585.0
LP002534,112.0,345.0,370.0,273.0,404.0,585.0
LP002536,601.0,599.0,196.0,273.0,225.0,585.0
LP002537,601.0,345.0,50.0,525.0,306.0,585.0
LP002541,601.0,345.0,569.0,273.0,532.0,585.0
LP002543,601.0,548.0,538.0,273.0,539.0,585.0
LP002544,601.0,447.0,37.0,478.0,322.0,585.0
LP002545,601.0,548.0,270.0,273.0,78.0,585.0
LP002547,601.0,447.0,600.0,273.0,587.0,585.0
LP002555,601.0,548.0,385.0,434.0,432.0,585.0
LP002556,601.0,345.0,89.0,273.0,69.0,585.0
LP002560,601.0,345.0,136.0,501.0,129.0,585.0
LP002562,601.0,447.0,437.0,306.0,485.0,585.0
LP002571,601.0,345.0,289.0,273.0,201.0,585.0
LP002582,112.0,345.0,597.0,273.0,529.0,585.0
LP002585,601.0,345.0,276.0,442.0,246.0,585.0
LP002586,112.0,447.0,231.0,290.0,172.0,9.0
LP002587,601.0,345.0,123.0,370.0,177.0,585.0
LP002588,601.0,345.0,390.0,507.0,206.0,1.0
LP002600,601.0,447.0,158.0,273.0,120.0,585.0
LP002602,601.0,345.0,494.0,572.0,519.0,585.0
LP002603,112.0,345.0,4.0,550.0,225.0,600.0
LP002606,112.0,345.0,204.0,273.0,154.0,585.0
LP002615,601.0,548.0,410.0,591.0,518.0,585.0
LP002618,601.0,447.0,337.0,589.0,362.0,585.0
LP002619,601.0,345.0,309.0,338.0,281.0,73.0
LP002622,601.0,548.0,265.0,572.0,537.0,585.0
LP002624,601.0,345.0,606.0,599.0,583.0,585.0
LP002625,,345.0,272.0,273.0,129.0,585.0
LP002626,601.0,345.0,94.0,518.0,500.0,585.0
LP002634,112.0,447.0,581.0,273.0,11.0,585.0
LP002637,601.0,345.0,277.0,316.0,154.0,585.0
LP002640,601.0,447.0,481.0,418.0,540.0,585.0
LP002643,601.0,548.0,228.0,423.0,384.0,585.0
LP002648,601.0,345.0,51.0,598.0,56.0,56.0
LP002652,601.0,345.0,462.0,548.0,566.0,585.0
LP002659,601.0,599.0,258.0,539.0,392.0,585.0
LP002670,112.0,548.0,44.0,356.0,225.0,600.0
LP002682,601.0,,189.0,388.0,276.0,585.0
LP002683,601.0,345.0,395.0,406.0,483.0,585.0
LP002684,112.0,345.0,245.0,273.0,120.0,585.0
LP002689,601.0,548.0,59.0,376.0,16.0,585.0
LP002690,601.0,345.0,108.0,273.0,29.0,585.0
LP002692,601.0,599.0,452.0,327.0,154.0,585.0
LP002693,601.0,548.0,530.0,601.0,583.0,585.0
LP002697,601.0,345.0,394.0,435.0,,585.0
LP002699,601.0,548.0,598.0,273.0,578.0,585.0
LP002705,601.0,345.0,305.0,273.0,201.0,585.0
LP002706,601.0,447.0,435.0,330.0,434.0,585.0
LP002714,601.0,447.0,134.0,319.0,111.0,585.0
LP002716,601.0,345.0,508.0,273.0,318.0,585.0
LP002717,601.0,345.0,8.0,590.0,525.0,585.0
LP002720,601.0,599.0,357.0,273.0,154.0,585.0
LP002723,601.0,548.0,273.0,273.0,201.0,585.0
LP002729,601.0,447.0,572.0,273.0,507.0,585.0
LP002731,112.0,345.0,599.0,273.0,288.0,585.0
LP002732,601.0,345.0,112.0,424.0,292.0,585.0
LP002734,601.0,345.0,486.0,558.0,570.0,585.0
LP002738,601.0,548.0,280.0,273.0,177.0,585.0
LP002739,601.0,345.0,161.0,281.0,45.0,585.0
LP002740,601.0,599.0,501.0,273.0,413.0,56.0
LP002741,112.0,447.0,388.0,506.0,369.0,56.0
LP002743,112.0,345.0,54.0,273.0,139.0,585.0
LP002753,112.0,447.0,283.0,273.0,120.0,585.0
LP002755,601.0,447.0,65.0,489.0,306.0,585.0
LP002757,112.0,345.0,181.0,282.0,158.0,585.0
LP002767,601.0,345.0,145.0,411.0,410.0,585.0
LP002768,601.0,345.0,239.0,273.0,78.0,3.0
LP002772,601.0,345.0,111.0,384.0,381.0,585.0
LP002776,112.0,345.0,423.0,273.0,161.0,585.0
LP002777,601.0,345.0,147.0,420.0,201.0,585.0
LP002778,601.0,548.0,505.0,273.0,,585.0
LP002784,601.0,447.0,98.0,471.0,,585.0
LP002785,601.0,447.0,236.0,531.0,419.0,585.0
LP002788,601.0,345.0,91.0,466.0,472.0,585.0
LP002789,601.0,345.0,274.0,567.0,329.0,56.0
LP002792,601.0,447.0,442.0,299.0,5.0,585.0
LP002794,112.0,345.0,133.0,355.0,89.0,585.0
LP002795,601.0,599.0,564.0,273.0,551.0,585.0
LP002798,601.0,345.0,320.0,498.0,437.0,585.0
LP002804,112.0,345.0,351.0,462.0,476.0,585.0
LP002807,601.0,548.0,287.0,277.0,182.0,585.0
LP002813,112.0,447.0,601.0,273.0,590.0,585.0
LP002820,601.0,345.0,468.0,426.0,522.0,585.0
LP002821,601.0,345.0,461.0,273.0,329.0,585.0
LP002832,601.0,548.0,545.0,273.0,546.0,585.0
LP002833,601.0,345.0,376.0,273.0,266.0,585.0
LP002836,601.0,345.0,236.0,273.0,56.0,585.0
LP002837,601.0,599.0,245.0,487.0,276.0,585.0
LP002840,112.0,345.0,79.0,273.0,1.0,585.0
LP002841,601.0,345.0,207.0,427.0,168.0,585.0
LP002842,601.0,447.0,249.0,379.0,485.0,585.0
LP002847,601.0,,426.0,333.0,441.0,585.0
LP002855,601.0,548.0,594.0,273.0,556.0,585.0
LP002862,601.0,548.0,485.0,355.0,497.0,600.0
LP002863,601.0,599.0,500.0,273.0,392.0,585.0
LP002868,601.0,548.0,204.0,278.0,182.0,9.0
LP002872,,345.0,194.0,451.0,352.0,585.0
LP002874,601.0,345.0,219.0,499.0,201.0,585.0
LP002877,601.0,447.0,18.0,453.0,177.0,585.0
LP002888,601.0,345.0,214.0,511.0,434.0,585.0
LP002892,601.0,548.0,503.0,273.0,516.0,585.0
LP002893,601.0,345.0,27.0,613.0,104.0,585.0
LP002894,112.0,345.0,207.0,273.0,9.0,585.0
LP002898,601.0,447.0,31.0,273.0,38.0,585.0
LP002911,601.0,447.0,148.0,408.0,382.0,585.0
LP002912,601.0,447.0,359.0,517.0,453.0,9.0
LP002916,601.0,345.0,69.0,342.0,168.0,585.0
LP002917,112.0,345.0,56.0,273.0,56.0,585.0
LP002925,,345.0,404.0,273.0,111.0,585.0
LP002926,601.0,548.0,141.0,273.0,174.0,585.0
LP002928,601.0,345.0,177.0,538.0,31.0,56.0
LP002931,601.0,548.0,477.0,273.0,516.0,60.0
LP002933,,599.0,552.0,273.0,561.0,585.0
LP002936,601.0,345.0,316.0,534.0,372.0,56.0
LP002938,601.0,345.0,591.0,273.0,551.0,585.0
LP002940,601.0,345.0,311.0,273.0,201.0,585.0
LP002941,601.0,548.0,497.0,295.0,497.0,585.0
LP002943,601.0,,173.0,273.0,97.0,585.0
LP002945,601.0,345.0,559.0,273.0,471.0,585.0
LP002948,601.0,548.0,460.0,273.0,504.0,585.0
LP002949,112.0,599.0,3.0,614.0,573.0,56.0
LP002950,601.0,345.0,157.0,503.0,410.0,585.0
LP002953,601.0,599.0,455.0,273.0,306.0,585.0
LP002958,601.0,345.0,288.0,569.0,453.0,585.0
LP002959,112.0,447.0,577.0,273.0,586.0,585.0
LP002960,601.0,345.0,86.0,554.0,,56.0
LP002961,601.0,447.0,245.0,487.0,456.0,585.0
LP002964,601.0,548.0,328.0,325.0,413.0,585.0
LP002974,601.0,345.0,220.0,411.0,182.0,585.0
LP002978,112.0,345.0,159.0,273.0,61.0,585.0
LP002979,601.0,599.0,341.0,273.0,11.0,56.0
LP002983,601.0,447.0,532.0,276.0,541.0,585.0
LP002984,601.0,548.0,523.0,273.0,497.0,585.0
LP002990,112.0,345.0,385.0,273.0,334.0,585.0
